title,studio,foreign_gross,year,original_language,popularity,release_date,vote_average,vote_count,production_budget,domestic_gross,worldwide_gross,rating,genre,director,writer,runtime
Inception,WB,535700000.0,2010,en,27.92,2010-07-16,8.3,22186,160000000.0,292576195.0,835524642.0,R,Drama|Mystery and Suspense,Clint Eastwood,Brian Helgeland,137 minutes
Due Date,WB,111200000.0,2010,en,12.445,2010-11-04,6.3,2973,65000000.0,100539043.0,211739043.0,R,Drama|Mystery and Suspense,Clint Eastwood,Brian Helgeland,137 minutes
Yogi Bear,WB,101300000.0,2010,en,9.096,2010-12-17,5.3,387,80000000.0,100246011.0,204774690.0,R,Drama|Mystery and Suspense,Clint Eastwood,Brian Helgeland,137 minutes
The Book of Eli,WB,62300000.0,2010,en,18.985,2010-01-11,6.7,3495,80000000.0,94835059.0,158750817.0,R,Drama|Mystery and Suspense,Clint Eastwood,Brian Helgeland,137 minutes
The Town,WB,61800000.0,2010,en,13.476,2010-09-17,7.1,2386,37000000.0,92186262.0,152566881.0,R,Drama|Mystery and Suspense,Clint Eastwood,Brian Helgeland,137 minutes
Legend of the Guardians: The Owls of Ga'Hoole,WB,84400000.0,2010,en,10.754,2010-09-24,6.6,1223,100000000.0,55675313.0,139716717.0,R,Drama|Mystery and Suspense,Clint Eastwood,Brian Helgeland,137 minutes
Cats & Dogs: The Revenge of Kitty Galore,WB,68900000.0,2010,en,10.544,2010-07-30,4.9,273,85000000.0,43585753.0,113026383.0,R,Drama|Mystery and Suspense,Clint Eastwood,Brian Helgeland,137 minutes
Life as We Know It,WB,52300000.0,2010,en,11.806,2010-10-02,6.8,1748,38000000.0,53374681.0,105887837.0,R,Drama|Mystery and Suspense,Clint Eastwood,Brian Helgeland,137 minutes
Hereafter,WB,72500000.0,2010,en,7.886,2010-10-22,5.9,848,50000000.0,32746941.0,108660270.0,R,Drama|Mystery and Suspense,Clint Eastwood,Brian Helgeland,137 minutes
Edge of Darkness,WB,37800000.0,2010,en,11.252,2010-01-29,6.3,794,60000000.0,43313890.0,82812456.0,R,Drama|Mystery and Suspense,Clint Eastwood,Brian Helgeland,137 minutes
Edge of Darkness,WB,37800000.0,2010,en,0.6,2015-11-01,7.0,1,60000000.0,43313890.0,82812456.0,R,Drama|Mystery and Suspense,Clint Eastwood,Brian Helgeland,137 minutes
Hot Tub Time Machine,MGM,14300000.0,2010,en,10.15,2010-03-26,6.0,1383,36000000.0,50269859.0,65967750.0,R,Art House and International|Comedy|Drama|Musical and Performing Arts,Jim Jarmusch,Jim Jarmusch,96 minutes
Hot Tub Time Machine,MGM,14300000.0,2010,en,10.15,2010-03-26,6.0,1383,36000000.0,50269859.0,65967750.0,R,Drama|Horror|Mystery and Suspense,Peter Webber,Thomas Harris,121 minutes
Hot Tub Time Machine,MGM,14300000.0,2010,en,10.15,2010-03-26,6.0,1383,36000000.0,50269859.0,65967750.0,R,Drama,George Hickenlooper,Captain Mauzner,89 minutes
Hot Tub Time Machine,MGM,14300000.0,2010,en,10.15,2010-03-26,6.0,1383,36000000.0,50269859.0,65967750.0,PG-13,Drama|Mystery and Suspense,Bryan Singer,Christopher McQuarrie|Nathan Alexander,120 minutes
Hot Tub Time Machine,MGM,14300000.0,2010,en,10.15,2010-03-26,6.0,1383,36000000.0,50269859.0,65967750.0,PG-13,Action and Adventure|Mystery and Suspense,Sam Mendes,John Logan|Robert Wade|Neal Purvis,145 minutes
Cop Out,WB,10700000.0,2010,en,8.82,2010-02-26,5.4,796,37000000.0,44875481.0,55909910.0,R,Drama|Mystery and Suspense,Clint Eastwood,Brian Helgeland,137 minutes
The Losers,WB,5800000.0,2010,en,10.202,2010-04-23,6.2,844,25000000.0,23591432.0,29863840.0,R,Drama|Mystery and Suspense,Clint Eastwood,Brian Helgeland,137 minutes
Jonah Hex,WB,356000.0,2010,en,13.467,2010-06-18,4.6,708,47000000.0,10547117.0,11022696.0,R,Drama|Mystery and Suspense,Clint Eastwood,Brian Helgeland,137 minutes
The Hangover Part II,WB,332300000.0,2011,en,32.266,2011-05-25,6.4,6231,80000000.0,254464305.0,586464305.0,R,Drama|Mystery and Suspense,Clint Eastwood,Brian Helgeland,137 minutes
Sherlock Holmes: A Game of Shadows,WB,358600000.0,2011,en,18.301,2011-12-16,7.1,6380,125000000.0,186848418.0,535663443.0,R,Drama|Mystery and Suspense,Clint Eastwood,Brian Helgeland,137 minutes
Green Lantern,WB,103300000.0,2011,en,17.257,2011-06-17,5.1,4290,200000000.0,116601172.0,219535492.0,R,Drama|Mystery and Suspense,Clint Eastwood,Brian Helgeland,137 minutes
Happy Feet Two,WB,86400000.0,2011,en,8.131,2011-11-17,5.9,754,135000000.0,64006466.0,157956466.0,R,Drama|Mystery and Suspense,Clint Eastwood,Brian Helgeland,137 minutes
"Crazy, Stupid, Love.",WB,58500000.0,2011,en,13.277,2011-07-29,7.2,4585,50000000.0,84351197.0,147142328.0,R,Drama|Mystery and Suspense,Clint Eastwood,Brian Helgeland,137 minutes
Contagion,WB,59800000.0,2011,en,10.444,2011-09-09,6.3,2128,60000000.0,75658097.0,137551594.0,R,Drama|Mystery and Suspense,Clint Eastwood,Brian Helgeland,137 minutes
Unknown,WB,67099999.0,2011,en,12.08,2011-02-18,6.6,2043,40000000.0,63686397.0,136123083.0,R,Drama|Mystery and Suspense,Clint Eastwood,Brian Helgeland,137 minutes
Unknown,WB,67099999.0,2011,en,12.08,2011-02-18,6.6,2043,3700000.0,26403.0,3355048.0,R,Drama|Mystery and Suspense,Clint Eastwood,Brian Helgeland,137 minutes
Dolphin Tale,WB,23100000.0,2011,en,10.679,2011-09-23,6.8,327,37000000.0,72286779.0,96068724.0,R,Drama|Mystery and Suspense,Clint Eastwood,Brian Helgeland,137 minutes
Sucker Punch,WB,53400000.0,2011,en,14.416,2011-03-25,6.0,2716,75000000.0,36392502.0,89758389.0,R,Drama|Mystery and Suspense,Clint Eastwood,Brian Helgeland,137 minutes
Red Riding Hood,WB,51500000.0,2011,en,11.856,2011-03-11,5.9,1884,42000000.0,37662162.0,91678442.0,R,Drama|Mystery and Suspense,Clint Eastwood,Brian Helgeland,137 minutes
J. Edgar,WB,47600000.0,2011,en,8.628,2011-11-09,6.2,1303,35000000.0,37306030.0,84606030.0,R,Drama|Mystery and Suspense,Clint Eastwood,Brian Helgeland,137 minutes
Something Borrowed,WB,21100000.0,2011,en,7.567,2011-05-05,6.1,591,35000000.0,39046489.0,65084116.0,R,Drama|Mystery and Suspense,Clint Eastwood,Brian Helgeland,137 minutes
The Dark Knight Rises,WB,636800000.0,2012,en,26.22,2012-07-20,7.7,13933,275000000.0,448139099.0,1084439099.0,R,Drama|Mystery and Suspense,Clint Eastwood,Brian Helgeland,137 minutes
Wrath of the Titans,WB,221600000.0,2012,en,14.991,2012-03-29,5.6,2442,150000000.0,83670083.0,305270083.0,R,Drama|Mystery and Suspense,Clint Eastwood,Brian Helgeland,137 minutes
Dark Shadows,WB,165800000.0,2012,en,15.75,2012-05-11,5.9,4197,150000000.0,79727149.0,238202668.0,R,Drama|Mystery and Suspense,Clint Eastwood,Brian Helgeland,137 minutes
Argo,WB,96300000.0,2012,en,15.793,2012-10-12,7.2,5127,44500000.0,136025503.0,227140757.0,R,Drama|Mystery and Suspense,Clint Eastwood,Brian Helgeland,137 minutes
Magic Mike,WB,53500000.0,2012,en,13.7,2012-06-29,6.1,1850,7000000.0,113721571.0,170549753.0,R,Drama|Mystery and Suspense,Clint Eastwood,Brian Helgeland,137 minutes
Cloud Atlas,WB,103400000.0,2012,en,14.681,2012-10-26,6.8,4505,102000000.0,27108272.0,130673154.0,R,Drama|Mystery and Suspense,Clint Eastwood,Brian Helgeland,137 minutes
The Campaign,WB,18000000.0,2012,en,10.266,2012-08-10,5.7,982,95000000.0,86907746.0,104907746.0,R,Drama|Mystery and Suspense,Clint Eastwood,Brian Helgeland,137 minutes
Project X,WB,48000000.0,2012,en,9.715,2012-03-02,6.4,2968,12000000.0,54731865.0,103028188.0,R,Drama|Mystery and Suspense,Clint Eastwood,Brian Helgeland,137 minutes
Project X,WB,48000000.0,2012,en,1.39,2016-11-18,5.6,7,12000000.0,54731865.0,103028188.0,R,Drama|Mystery and Suspense,Clint Eastwood,Brian Helgeland,137 minutes
The Lucky One,WB,38900000.0,2012,en,13.14,2012-04-20,6.9,2012,25000000.0,60457138.0,96633833.0,R,Drama|Mystery and Suspense,Clint Eastwood,Brian Helgeland,137 minutes
Trouble with the Curve,WB,13200000.0,2012,en,8.548,2012-09-21,6.7,613,60000000.0,35763137.0,47818913.0,R,Drama|Mystery and Suspense,Clint Eastwood,Brian Helgeland,137 minutes
Chernobyl Diaries,WB,19000000.0,2012,en,14.658,2012-05-25,5.0,842,1000000.0,18119640.0,42411721.0,R,Drama|Mystery and Suspense,Clint Eastwood,Brian Helgeland,137 minutes
Joyful Noise,WB,226000.0,2012,en,6.787,2012-01-13,6.4,70,27500000.0,30932113.0,31157914.0,R,Drama|Mystery and Suspense,Clint Eastwood,Brian Helgeland,137 minutes
The Apparition,WB,4700000.0,2012,en,7.714,2012-08-24,4.3,221,17000000.0,4936819.0,10637281.0,R,Drama|Mystery and Suspense,Clint Eastwood,Brian Helgeland,137 minutes
The Apparition,WB,4700000.0,2012,fr,7.913,2018-09-07,6.4,63,17000000.0,4936819.0,10637281.0,R,Drama|Mystery and Suspense,Clint Eastwood,Brian Helgeland,137 minutes
Gravity,WB,449100000.0,2013,en,27.836,2013-10-04,7.2,9586,110000000.0,274092705.0,693698673.0,R,Drama|Mystery and Suspense,Clint Eastwood,Brian Helgeland,137 minutes
Man of Steel,WB,377000000.0,2013,en,27.667,2013-06-14,6.5,9758,225000000.0,291045518.0,667999518.0,R,Drama|Mystery and Suspense,Clint Eastwood,Brian Helgeland,137 minutes
Pacific Rim,WB,309200000.0,2013,en,16.759,2013-07-12,6.8,7632,190000000.0,101802906.0,411002906.0,R,Drama|Mystery and Suspense,Clint Eastwood,Brian Helgeland,137 minutes
Prisoners,WB,61100000.0,2013,en,14.358,2013-09-21,8.0,5785,46000000.0,61002302.0,113402302.0,R,Drama|Mystery and Suspense,Clint Eastwood,Brian Helgeland,137 minutes
Gangster Squad,WB,59200000.0,2013,en,13.029,2013-01-11,6.3,2527,60000000.0,46000903.0,104100903.0,R,Drama|Mystery and Suspense,Clint Eastwood,Brian Helgeland,137 minutes
Grudge Match,WB,15100000.0,2013,en,7.918,2013-12-25,6.0,711,40000000.0,29807260.0,69807260.0,R,Drama|Mystery and Suspense,Clint Eastwood,Brian Helgeland,137 minutes
Spring Breakers,A24,17600000.0,2013,en,10.691,2013-03-15,5.0,2495,5000000.0,14124286.0,31149251.0,R,Drama|Horror,Trey Edward Shults,Trey Edward Shults,91 minutes
American Sniper,WB,197300000.0,2014,en,18.473,2014-12-25,7.4,7658,58000000.0,350126372.0,547326372.0,R,Drama|Mystery and Suspense,Clint Eastwood,Brian Helgeland,137 minutes
American Sniper,WB,197300000.0,2014,en,18.473,2014-12-25,7.4,7658,58000000.0,350126372.0,547326372.0,R,Drama|Mystery and Suspense,Clint Eastwood,Brian Helgeland,137 minutes
The LEGO Movie,WB,211400000.0,2014,en,19.375,2014-02-07,7.4,4839,60000000.0,257784718.0,457729388.0,R,Drama|Mystery and Suspense,Clint Eastwood,Brian Helgeland,137 minutes
Edge of Tomorrow,WB,270300000.0,2014,en,19.753,2014-06-06,7.6,8047,178000000.0,100206256.0,370541256.0,R,Drama|Mystery and Suspense,Clint Eastwood,Brian Helgeland,137 minutes
300: Rise of An Empire,WB,231000000.0,2014,en,23.68,2014-03-07,6.0,3870,110000000.0,106580051.0,330780051.0,R,Drama|Mystery and Suspense,Clint Eastwood,Brian Helgeland,137 minutes
Blended,WB,81700000.0,2014,en,10.613,2014-05-23,6.7,1709,45000000.0,46290741.0,127990741.0,R,Drama|Mystery and Suspense,Clint Eastwood,Brian Helgeland,137 minutes
Horrible Bosses 2,WB,53200000.0,2014,en,18.421,2014-11-26,6.2,2581,40000000.0,54445357.0,105945357.0,R,Drama|Mystery and Suspense,Clint Eastwood,Brian Helgeland,137 minutes
Transcendence,WB,80000000.0,2014,en,0.6,2012-06-09,5.5,2,100000000.0,23022309.0,103039258.0,R,Drama|Mystery and Suspense,Clint Eastwood,Brian Helgeland,137 minutes
Transcendence,WB,80000000.0,2014,en,11.035,2014-04-17,6.0,3491,100000000.0,23022309.0,103039258.0,R,Drama|Mystery and Suspense,Clint Eastwood,Brian Helgeland,137 minutes
The Judge,WB,37300000.0,2014,en,16.464,2014-10-10,7.3,2356,50000000.0,47119388.0,76119388.0,R,Drama|Mystery and Suspense,Clint Eastwood,Brian Helgeland,137 minutes
The Judge,WB,37300000.0,2014,en,0.6,2018-04-13,7.5,2,50000000.0,47119388.0,76119388.0,R,Drama|Mystery and Suspense,Clint Eastwood,Brian Helgeland,137 minutes
Jersey Boys,WB,20600000.0,2014,en,6.933,2014-06-20,6.9,380,40000000.0,47047013.0,65282732.0,R,Drama|Mystery and Suspense,Clint Eastwood,Brian Helgeland,137 minutes
Dolphin Tale 2,WB,15800000.0,2014,en,7.403,2014-09-12,6.7,173,36000000.0,42024533.0,57824533.0,R,Drama|Mystery and Suspense,Clint Eastwood,Brian Helgeland,137 minutes
This is Where I Leave You,WB,7000000.0,2014,en,9.681,2014-09-19,6.6,695,20000000.0,34296320.0,41296320.0,R,Drama|Mystery and Suspense,Clint Eastwood,Brian Helgeland,137 minutes
Winter's Tale,WB,18500000.0,2014,en,6.224,2014-02-13,6.2,796,60000000.0,12600231.0,29575033.0,R,Drama|Mystery and Suspense,Clint Eastwood,Brian Helgeland,137 minutes
Inherent Vice,WB,6600000.0,2014,en,14.244,2015-01-09,6.6,1359,20000000.0,8110975.0,14772346.0,R,Drama|Mystery and Suspense,Clint Eastwood,Brian Helgeland,137 minutes
Inherent Vice,WB,6600000.0,2014,en,14.244,2015-01-09,6.6,1359,20000000.0,8110975.0,14772346.0,R,Drama|Mystery and Suspense,Clint Eastwood,Brian Helgeland,137 minutes
A Most Violent Year,A24,6300000.0,2014,en,12.271,2014-12-31,6.6,792,20000000.0,5749134.0,8846875.0,R,Drama|Horror,Trey Edward Shults,Trey Edward Shults,91 minutes
A Most Violent Year,A24,6300000.0,2014,en,12.271,2014-12-31,6.6,792,20000000.0,5749134.0,8846875.0,R,Drama|Horror,Trey Edward Shults,Trey Edward Shults,91 minutes
Veronica Mars,WB,195000.0,2014,en,7.821,2014-03-14,6.7,699,6000000.0,3322127.0,3485383.0,R,Drama|Mystery and Suspense,Clint Eastwood,Brian Helgeland,137 minutes
The Rover,A24,2100000.0,2014,en,13.528,2014-07-18,6.2,435,8500000.0,1109199.0,3180252.0,R,Drama|Horror,Trey Edward Shults,Trey Edward Shults,91 minutes
Mad Max: Fury Road,WB,224800000.0,2015,en,28.099,2015-05-15,7.4,14454,150000000.0,153636354.0,370098020.0,R,Drama|Mystery and Suspense,Clint Eastwood,Brian Helgeland,137 minutes
The Intern,WB,118800000.0,2015,en,14.377,2015-09-25,7.1,3373,40000000.0,75764672.0,197115710.0,R,Drama|Mystery and Suspense,Clint Eastwood,Brian Helgeland,137 minutes
Jupiter Ascending,WB,136600000.0,2015,en,24.058,2015-02-27,5.3,4401,179000000.0,47482519.0,181982519.0,R,Drama|Mystery and Suspense,Clint Eastwood,Brian Helgeland,137 minutes
Pan,WB,93300000.0,2015,en,13.054,2015-10-09,5.9,1701,150000000.0,35088320.0,151525973.0,R,Drama|Mystery and Suspense,Clint Eastwood,Brian Helgeland,137 minutes
Magic Mike XXL,WB,56500000.0,2015,en,8.681,2015-07-01,6.2,1110,14500000.0,66013057.0,123660597.0,R,Drama|Mystery and Suspense,Clint Eastwood,Brian Helgeland,137 minutes
Get Hard,WB,21400000.0,2015,en,12.129,2015-03-27,6.0,1469,40000000.0,90411453.0,106511453.0,R,Drama|Mystery and Suspense,Clint Eastwood,Brian Helgeland,137 minutes
The Man From U.N.C.L.E.,WB,64400000.0,2015,en,18.956,2015-08-14,7.1,3525,75000000.0,45445109.0,104949584.0,R,Drama|Mystery and Suspense,Clint Eastwood,Brian Helgeland,137 minutes
Black Mass,WB,37200000.0,2015,en,14.646,2015-09-18,6.4,2020,53000000.0,62575678.0,98837872.0,R,Drama|Mystery and Suspense,Clint Eastwood,Brian Helgeland,137 minutes
Black Mass,WB,37200000.0,2015,en,0.959,2017-05-01,10.0,1,53000000.0,62575678.0,98837872.0,R,Drama|Mystery and Suspense,Clint Eastwood,Brian Helgeland,137 minutes
In the Heart of the Sea,WB,68900000.0,2015,en,14.33,2015-12-11,6.6,2137,100000000.0,25020758.0,89693309.0,R,Drama|Mystery and Suspense,Clint Eastwood,Brian Helgeland,137 minutes
In the Heart of the Sea,WB,68900000.0,2015,en,14.33,2015-12-11,6.6,2137,100000000.0,25020758.0,89693309.0,R,Drama|Mystery and Suspense,Clint Eastwood,Brian Helgeland,137 minutes
Run All Night,WB,45200000.0,2015,en,17.592,2015-03-13,6.4,1684,50000000.0,26461644.0,66961644.0,R,Drama|Mystery and Suspense,Clint Eastwood,Brian Helgeland,137 minutes
Entourage,WB,16900000.0,2015,en,13.802,2015-06-03,6.2,647,30000000.0,32363404.0,46438538.0,R,Drama|Mystery and Suspense,Clint Eastwood,Brian Helgeland,137 minutes
The Water Diviner,WB,34000000.0,2015,en,11.479,2015-04-24,6.8,682,22500000.0,4200117.0,31054727.0,R,Drama|Mystery and Suspense,Clint Eastwood,Brian Helgeland,137 minutes
Ex Machina,A24,11400000.0,2015,en,18.485,2015-04-10,7.6,8026,13000000.0,25440971.0,38358392.0,R,Drama|Horror,Trey Edward Shults,Trey Edward Shults,91 minutes
Room,A24,20700000.0,2015,en,20.0,2015-10-16,8.1,5494,13000000.0,14677674.0,36262783.0,R,Drama|Horror,Trey Edward Shults,Trey Edward Shults,91 minutes
Room,A24,20700000.0,2015,en,20.0,2015-10-16,8.1,5494,13000000.0,14677674.0,36262783.0,R,Drama|Horror,Trey Edward Shults,Trey Edward Shults,91 minutes
The 33,WB,12700000.0,2015,en,9.993,2015-11-09,6.2,565,25000000.0,12227722.0,28400715.0,R,Drama|Mystery and Suspense,Clint Eastwood,Brian Helgeland,137 minutes
While We're Young,A24,9700000.0,2015,en,8.022,2015-04-17,5.9,609,10000000.0,7582065.0,17503828.0,R,Drama|Horror,Trey Edward Shults,Trey Edward Shults,91 minutes
While We're Young,A24,9700000.0,2015,en,8.022,2015-04-17,5.9,609,10000000.0,7582065.0,17503828.0,R,Drama|Horror,Trey Edward Shults,Trey Edward Shults,91 minutes
We Are Your Friends,WB,7500000.0,2015,en,10.809,2015-08-28,6.3,1241,2000000.0,3591417.0,10153415.0,R,Drama|Mystery and Suspense,Clint Eastwood,Brian Helgeland,137 minutes
Batman v Superman: Dawn of Justice,WB,543300000.0,2016,en,28.088,2016-03-25,5.8,11991,250000000.0,330360194.0,867500281.0,R,Drama|Mystery and Suspense,Clint Eastwood,Brian Helgeland,137 minutes
Fantastic Beasts and Where To Find Them,WB,580000000.0,2016,en,28.563,2016-11-18,7.4,12152,180000000.0,234037575.0,802402853.0,R,Drama|Mystery and Suspense,Clint Eastwood,Brian Helgeland,137 minutes
Fantastic Beasts and Where To Find Them,WB,580000000.0,2016,en,28.563,2016-11-18,7.4,12152,180000000.0,234037575.0,802402853.0,R,Drama|Mystery and Suspense,Clint Eastwood,Brian Helgeland,137 minutes
Suicide Squad,WB,421700000.0,2016,en,16.53,2016-08-05,5.9,13533,175000000.0,325100054.0,746059887.0,R,Drama|Mystery and Suspense,Clint Eastwood,Brian Helgeland,137 minutes
The Legend of Tarzan,WB,230100000.0,2016,en,14.797,2016-07-01,5.8,4102,180000000.0,126643061.0,348902025.0,R,Drama|Mystery and Suspense,Clint Eastwood,Brian Helgeland,137 minutes
Sully,WB,115700000.0,2016,en,18.148,2016-09-09,7.1,3924,60000000.0,125070033.0,238524556.0,R,Drama|Mystery and Suspense,Clint Eastwood,Brian Helgeland,137 minutes
Storks,WB,110700000.0,2016,en,12.101,2016-09-23,6.5,1308,70000000.0,72679278.0,183353431.0,R,Drama|Mystery and Suspense,Clint Eastwood,Brian Helgeland,137 minutes
The Accountant,WB,68900000.0,2016,en,13.81,2016-10-14,6.9,3407,40000000.0,86260045.0,152962083.0,R,Drama|Mystery and Suspense,Clint Eastwood,Brian Helgeland,137 minutes
The Accountant,WB,68900000.0,2016,en,13.81,2016-10-14,6.9,3407,40000000.0,86260045.0,152962083.0,R,Drama|Mystery and Suspense,Clint Eastwood,Brian Helgeland,137 minutes
War Dogs,WB,43200000.0,2016,en,10.654,2016-08-19,6.8,2387,50000000.0,43034523.0,86234503.0,R,Drama|Mystery and Suspense,Clint Eastwood,Brian Helgeland,137 minutes
The Nice Guys,WB,26500000.0,2016,en,13.743,2016-05-20,7.1,4272,50000000.0,36261763.0,59596747.0,R,Drama|Mystery and Suspense,Clint Eastwood,Brian Helgeland,137 minutes
The Witch,A24,15300000.0,2016,en,13.493,2016-02-19,6.6,2931,3500000.0,25138705.0,40454520.0,R,Drama|Horror,Trey Edward Shults,Trey Edward Shults,91 minutes
The Witch,A24,15300000.0,2016,en,13.493,2016-02-19,6.6,2931,3500000.0,25138705.0,40454520.0,R,Drama|Horror,Trey Edward Shults,Trey Edward Shults,91 minutes
Live By Night,WB,12300000.0,2016,en,11.322,2016-12-25,6.2,759,65000000.0,10378555.0,21774432.0,R,Drama|Mystery and Suspense,Clint Eastwood,Brian Helgeland,137 minutes
Live By Night,WB,12300000.0,2016,en,11.322,2016-12-25,6.2,759,65000000.0,10378555.0,21774432.0,R,Drama|Mystery and Suspense,Clint Eastwood,Brian Helgeland,137 minutes
Midnight Special,WB,2500000.0,2016,en,8.653,2016-03-18,6.3,1105,18000000.0,3712282.0,7680250.0,R,Drama|Mystery and Suspense,Clint Eastwood,Brian Helgeland,137 minutes
American Honey,A24,1200000.0,2016,en,8.778,2016-09-30,6.7,417,3500000.0,663247.0,2611750.0,R,Drama|Horror,Trey Edward Shults,Trey Edward Shults,91 minutes
Wonder Woman,WB,409300000.0,2017,en,2.841,2013-09-29,5.9,34,150000000.0,412563408.0,821133378.0,R,Drama|Mystery and Suspense,Clint Eastwood,Brian Helgeland,137 minutes
Wonder Woman,WB,409300000.0,2017,en,31.618,2017-06-02,7.3,12566,150000000.0,412563408.0,821133378.0,R,Drama|Mystery and Suspense,Clint Eastwood,Brian Helgeland,137 minutes
Justice League,WB,428900000.0,2017,en,34.953,2017-11-17,6.2,7510,300000000.0,229024295.0,655945209.0,R,Drama|Mystery and Suspense,Clint Eastwood,Brian Helgeland,137 minutes
Justice League,WB,428900000.0,2017,en,34.953,2017-11-17,6.2,7510,300000000.0,229024295.0,655945209.0,R,Drama|Mystery and Suspense,Clint Eastwood,Brian Helgeland,137 minutes
Kong: Skull Island,WB,398600000.0,2017,en,29.388,2017-03-10,6.3,6054,185000000.0,168052812.0,561072059.0,R,Drama|Mystery and Suspense,Clint Eastwood,Brian Helgeland,137 minutes
Dunkirk,WB,337200000.0,2017,en,24.358,2017-07-19,7.4,9156,150000000.0,190068280.0,499837368.0,R,Drama|Mystery and Suspense,Clint Eastwood,Brian Helgeland,137 minutes
The LEGO Batman Movie,WB,136200000.0,2017,en,19.352,2017-02-10,7.2,2882,80000000.0,175750384.0,310660018.0,R,Drama|Mystery and Suspense,Clint Eastwood,Brian Helgeland,137 minutes
Blade Runner 2049,WB,167200000.0,2017,en,48.571,2017-10-06,7.4,6679,185000000.0,92054159.0,259357408.0,R,Drama|Mystery and Suspense,Clint Eastwood,Brian Helgeland,137 minutes
Blade Runner 2049,WB,167200000.0,2017,en,48.571,2017-10-06,7.4,6679,185000000.0,92054159.0,259357408.0,R,Drama|Mystery and Suspense,Clint Eastwood,Brian Helgeland,137 minutes
Geostorm,WB,187900000.0,2017,en,13.653,2017-10-20,5.8,2246,100000000.0,33700160.0,220796009.0,R,Drama|Mystery and Suspense,Clint Eastwood,Brian Helgeland,137 minutes
Geostorm,WB,187900000.0,2017,en,13.653,2017-10-20,5.8,2246,100000000.0,33700160.0,220796009.0,R,Drama|Mystery and Suspense,Clint Eastwood,Brian Helgeland,137 minutes
King Arthur: Legend of the Sword,WB,109500000.0,2017,en,21.793,2017-05-12,6.5,3305,175000000.0,39175066.0,139630336.0,R,Drama|Mystery and Suspense,Clint Eastwood,Brian Helgeland,137 minutes
The LEGO Ninjago Movie,WB,63800000.0,2017,en,14.607,2017-09-22,6.3,424,70000000.0,59281555.0,122737201.0,R,Drama|Mystery and Suspense,Clint Eastwood,Brian Helgeland,137 minutes
Lady Bird,A24,30000000.0,2017,en,15.974,2017-11-03,7.3,3866,10000000.0,48958273.0,78610769.0,R,Drama|Horror,Trey Edward Shults,Trey Edward Shults,91 minutes
Lady Bird,A24,30000000.0,2017,en,15.974,2017-11-03,7.3,3866,10000000.0,48958273.0,78610769.0,R,Drama|Horror,Trey Edward Shults,Trey Edward Shults,91 minutes
"Everything, Everything",WB,27500000.0,2017,en,13.998,2017-05-19,7.2,2447,10000000.0,34121140.0,61603136.0,R,Drama|Mystery and Suspense,Clint Eastwood,Brian Helgeland,137 minutes
The Disaster Artist,A24,8700000.0,2017,en,13.27,2017-12-01,7.2,1895,10000000.0,21120616.0,28717667.0,R,Drama|Horror,Trey Edward Shults,Trey Edward Shults,91 minutes
The Disaster Artist,A24,8700000.0,2017,en,13.27,2017-12-01,7.2,1895,10000000.0,21120616.0,28717667.0,R,Drama|Horror,Trey Edward Shults,Trey Edward Shults,91 minutes
CHiPs,WB,8199999.0,2017,en,13.744,2017-03-24,6.0,657,25000000.0,18600152.0,23190292.0,R,Drama|Mystery and Suspense,Clint Eastwood,Brian Helgeland,137 minutes
Father Figures,WB,8100000.0,2017,en,12.45,2017-12-22,5.8,277,25000000.0,17501244.0,21038441.0,R,Drama|Mystery and Suspense,Clint Eastwood,Brian Helgeland,137 minutes
Father Figures,WB,8100000.0,2017,en,12.45,2017-12-22,5.8,277,25000000.0,17501244.0,21038441.0,R,Drama|Mystery and Suspense,Clint Eastwood,Brian Helgeland,137 minutes
It Comes At Night,A24,5300000.0,2017,en,12.337,2017-06-09,5.8,1141,5000000.0,13985117.0,19720203.0,R,Drama|Horror,Trey Edward Shults,Trey Edward Shults,91 minutes
Aquaman,WB,812700000.0,2018,en,38.102,2018-12-21,6.8,6155,160000000.0,335061807.0,1146894640.0,R,Drama|Mystery and Suspense,Clint Eastwood,Brian Helgeland,137 minutes
Fantastic Beasts: The Crimes of Grindelwald,WB,494100000.0,2018,en,48.508,2018-11-16,6.9,4870,200000000.0,159555901.0,652220086.0,R,Drama|Mystery and Suspense,Clint Eastwood,Brian Helgeland,137 minutes
Ready Player One,WB,445200000.0,2018,en,30.029,2018-03-29,7.6,7021,150000000.0,137690172.0,579290136.0,R,Drama|Mystery and Suspense,Clint Eastwood,Brian Helgeland,137 minutes
The Meg,WB,384800000.0,2018,en,31.397,2018-08-10,5.9,2896,178000000.0,145443742.0,529530715.0,R,Drama|Mystery and Suspense,Clint Eastwood,Brian Helgeland,137 minutes
Tomb Raider,WB,216400000.0,2018,en,24.968,2018-03-16,6.3,4310,90000000.0,58250803.0,273477501.0,R,Drama|Mystery and Suspense,Clint Eastwood,Brian Helgeland,137 minutes
Crazy Rich Asians,WB,64000000.0,2018,en,17.969,2018-08-15,7.1,1496,30000000.0,174532921.0,238099711.0,R,Drama|Mystery and Suspense,Clint Eastwood,Brian Helgeland,137 minutes
Smallfoot,WB,130900000.0,2018,en,26.231,2018-09-28,6.6,600,80000000.0,83240103.0,213691277.0,R,Drama|Mystery and Suspense,Clint Eastwood,Brian Helgeland,137 minutes
Creed II,MGM,98300000.0,2018,en,26.907,2018-11-21,6.7,2236,50000000.0,115715889.0,213591522.0,R,Art House and International|Comedy|Drama|Musical and Performing Arts,Jim Jarmusch,Jim Jarmusch,96 minutes
Creed II,MGM,98300000.0,2018,en,26.907,2018-11-21,6.7,2236,50000000.0,115715889.0,213591522.0,R,Drama|Horror|Mystery and Suspense,Peter Webber,Thomas Harris,121 minutes
Creed II,MGM,98300000.0,2018,en,26.907,2018-11-21,6.7,2236,50000000.0,115715889.0,213591522.0,R,Drama,George Hickenlooper,Captain Mauzner,89 minutes
Creed II,MGM,98300000.0,2018,en,26.907,2018-11-21,6.7,2236,50000000.0,115715889.0,213591522.0,PG-13,Drama|Mystery and Suspense,Bryan Singer,Christopher McQuarrie|Nathan Alexander,120 minutes
Creed II,MGM,98300000.0,2018,en,26.907,2018-11-21,6.7,2236,50000000.0,115715889.0,213591522.0,PG-13,Action and Adventure|Mystery and Suspense,Sam Mendes,John Logan|Robert Wade|Neal Purvis,145 minutes
The Mule,WB,68700000.0,2018,en,6.161,2014-03-10,6.4,77,50000000.0,103804407.0,170857676.0,R,Drama|Mystery and Suspense,Clint Eastwood,Brian Helgeland,137 minutes
The Mule,WB,68700000.0,2018,en,33.83,2018-12-14,6.5,1584,50000000.0,103804407.0,170857676.0,R,Drama|Mystery and Suspense,Clint Eastwood,Brian Helgeland,137 minutes
Hereditary,A24,35300000.0,2018,en,26.185,2018-06-08,7.0,2491,10000000.0,44069456.0,70133905.0,R,Drama|Horror,Trey Edward Shults,Trey Edward Shults,91 minutes
12 Strong,WB,21600000.0,2018,en,13.183,2018-01-19,5.6,1312,35000000.0,45819713.0,71118378.0,R,Drama|Mystery and Suspense,Clint Eastwood,Brian Helgeland,137 minutes
The 15:17 to Paris,WB,20800000.0,2018,en,11.576,2018-02-09,5.3,799,30000000.0,36276286.0,56096200.0,R,Drama|Mystery and Suspense,Clint Eastwood,Brian Helgeland,137 minutes
Teen Titans Go! To The Movies,WB,22300000.0,2018,en,16.523,2018-07-27,7.0,304,10000000.0,29790236.0,51620593.0,R,Drama|Mystery and Suspense,Clint Eastwood,Brian Helgeland,137 minutes
